{"cameraMode":{"drawMode":0,"name":"Shaded","section":"Shading Mode"},"sceneLighting":true,"audioPlay":false,"sceneViewState":{"m_AlwaysRefresh":false,"showFog":true,"showSkybox":true,"showFlares":true,"showImageEffects":true,"showParticleSystems":true,"showVisualEffectGraphs":true,"m_FxEnabled":true},"in2DMode":false,"pivot":{"x":0.2708534002304077,"y":1.3171415328979493,"z":-5.686223983764648},"rotation":{"x":0.11449836194515228,"y":0.20587119460105897,"z":-0.02426731400191784,"w":0.9715598821640015},"size":1.3354709148406983,"orthographic":false}