{"cameraMode":{"drawMode":0,"name":"Shaded","section":"Shading Mode"},"sceneLighting":false,"audioPlay":false,"sceneViewState":{"m_AlwaysRefresh":false,"showFog":false,"showSkybox":false,"showFlares":false,"showImageEffects":false,"showParticleSystems":false,"showVisualEffectGraphs":true,"m_FxEnabled":true},"in2DMode":false,"pivot":{"x":2.980232238769531e-7,"y":1.0393983125686646,"z":-0.10032442212104798},"rotation":{"x":0.013214313425123692,"y":0.29005345702171328,"z":-0.004011815879493952,"w":0.9569176435470581},"size":1.6645523309707642,"orthographic":false}