{"cameraMode":{"drawMode":0,"name":"Shaded","section":"Shading Mode"},"sceneLighting":false,"audioPlay":false,"sceneViewState":{"m_AlwaysRefresh":false,"showFog":false,"showSkybox":false,"showFlares":false,"showImageEffects":false,"showParticleSystems":false,"showVisualEffectGraphs":true,"m_FxEnabled":true},"in2DMode":false,"pivot":{"x":2.384185791015625e-7,"y":1.039398193359375,"z":-0.10032448172569275},"rotation":{"x":-0.06026337668299675,"y":0.018563924357295038,"z":-0.0011155955726280809,"w":-0.9980145692825317},"size":1.664552092552185,"orthographic":false}